Biology,mitochrondia,the powerhouse of the cell,#ff0000
Biology,vacuole,holds cell sap,#ff0000
Biology,xylem,allows the transport of water,#ff0000
Biology,phloem,allows translocation,#ff0000
Biology,phagocyte,a wbc that engulfs ingests and digests pathogens,#ff0000
chemistry,electron,negativly charged sub-atmoic particle,#21d900
chemistry,nucleus,the centre of an atom,#21d900
physics,current,What doesn't change in a series circuit?,#5300ae
physics,voltage,What changes in a series circuit?,#5300ae
Computer Science,cpu,The ___ is like the brain of the computer,#f26f0d
History - Medicine,1575,Pare wrote 'Works on Surgey',#a80054
History - Medicine,1628,"Harvey wrote 'On the Motions of the Heart and Blood' (circulation of blood, idea that blood not made in liver)",#a80054
History - Medicine,1665,"The Great Plague (fleas on rats, greater resistance, 100,000 killed in London, quarantined people with it, mass graves at night, superstition)",#a80054
History - Medicine,1676,"Sydenham wrote 'Medical Observations' (recognised and published ways to recognise symptoms, scarlett fever and measles, used bloodletting)",#a80054
History - Medicine,1798,Edward Jenner developed cowpox vaccine for smallpox (tested on James Phipps) in ____,#a80054
History - Medicine,1799,"Humphrey Davey identify's possible anesthetic, Nitrous Oxide",#a80054
History - Medicine,1820,Florence Nightingale born -> she later helped fight infection in the Crimean War by cleaning the place(42% -> 2% death rate),#a80054
History - Medicine,1832,"Cholera epidemic (arrived the year before, killed over 21,000 people in 1832)",#a80054
History - Medicine,1840,Vaccinations against cowpox became free,#a80054
History - Medicine,1842,William Clark discovered the effects of Ether (flammable and irritant),#a80054
History - Medicine,1842,Chadwick published report on poverty and health (towns were worse than villages -> back to back housing),#a80054
History - Medicine,1846,The first public demonstration of Ether was in ____,#a80054
History - Medicine,1847,James Simpson discovered the effects of chloroform (effected hear and caused patients to die suddenly),#a80054
History - Medicine,1848,"Another cholera epidemic (60,000 dead) caused the government to pass the 1848 Public Health Act (only applied to towns with health boards) happened in ____",#a80054
History - Medicine,1852,Cowpox Vaccination became compulsary,#a80054
History - Medicine,1854,John Snows report shows that people using the same water pump all had cholera proving it was contaminated water,#a80054
History - Medicine,1858,When did the Great Stink after drought dried up the Thames leaving waste at the bottom?,#a80054
History - Medicine,1860,Joseph Lister used carbloic acid to help reduce infection rates during surgey from ____ onward,#a80054
History - Medicine,1861,Louis Pasteur published his Germ Theory in ____,#a80054
History - Medicine,1866,Joseph Balzagette finished new sewers in London which prevented any more cholera epidemics in ____,#a80054
History - Medicine,1867,Lister realised that microbes could be in the air,#a80054
History - Medicine,1895,X-rays discovered,#a80054
History - Medicine,1897,Radiation discovered,#a80054
History - Medicine,1889,Charles Booth reported that 30% of Londoners were living in severe poverty in his report 'Life and Labour of the people in London',#a80054
History - Medicine,1900,Karl Landsteiner discovered blood groups (tranfusion easier),#a80054
History - Medicine,1901,"Seebohm Rowntree's report 'Poverty, a Study of Town Life' shows that 28% people in York couldn't afford basic food and housing",#a80054
History - Medicine,1906,Free school meals,#a80054
History - Medicine,1907,Free health inspections for children at schools,#a80054
History - Medicine,1909,Back to back housing is banned to stop disease spreading,#a80054
History - Medicine,1909,Paul Ehrlich made the first magic bullet to cure syphillis,#a80054
History - Medicine,1914,Albert Hustin discovered how to stop clotting and use ice to move blood,#a80054
History - Medicine,1919,Nurses Registration Act (training compulsory for nurses),#a80054
History - Medicine,1928,Alexander Fleming realised the capabilities of Penicillin as a natural antiseptic whilst culturing staphylococcus,#a80054
History - Medicine,1938,British National Blood Transfusion Service set up (store blood for longer),#a80054
History - Medicine,1939,Florey and Chain started to mass produce Penecillin after government funding,#a80054
History - Medicine,1942,William Beveridge opposed a free Health Service and when WWII finished the NHS was set-up by the Labour government,#a80054
History - Medicine,1957,"After a nationwide Dipheria campaign there was only 38 cases by 1957 (1940 -> 60,000 cases)",#a80054
Computer Science,opposite,A NOT gate makes the output the ________ of the input,#f26f0d
Computer Science,ascii,The code to show 128 characters with 7 bit binary codes is called ____,#f26f0d
Computer Science,unicode,"____ was developed to use 16 bits, giving 65,536 possible combinations",#f26f0d
Computer Science,bit,A ___ is either a 1 or a 0,#f26f0d
Computer Science,gigabyte,1 ____ contains 1000 megabytes,#f26f0d
Computer Science,resolution,____ is the concentration of pixels in a specific area,#f26f0d
Computer Science,bit depth,File size of an image = resolution x ____,#f26f0d
Computer Science,buffering,____ is where the download speed is greater than the playback speed,#f26f0d
Computer Science,true,Compression means better streaming of music and video (True/False),#f26f0d
Computer Science,run length encoding,The _____________ algorithm reduces the size of a repeated string of characters,#f26f0d
Computer Science,3a5b2c4d1e3f2g,What is 'aaabbbbbccddddefffgg' after the RLE algorithm has been applied to it?,#f26f0d
Computer Science,lossy,____ compression is used in JPEG image files,#f26f0d
Computer Science,Lossless,____ compression is used in PNG image files,#f26f0d
Computer Science,sample rate,file size = ____ x resolution(audio bit depth) x seconds,#f26f0d
Computer Science,false,Lossy compressed data is not the same as the original data (True/False),#f26f0d
Computer Science,mp3,___ audio files use lossy compression,#f26f0d
Computer Science,uncompressed,WAV audio files are ____,#f26f0d
Computer Science,pipelining,"____ is where instructions in the CPU can be fetched, decoded and executed at the same time",#f26f0d
Computer Science,fast,Clock Speed is how ____ instructions are processed,#f26f0d
Computer Science,clock speed,Over Clocking is inreacing the ____ above the manufactor's recommendation,#f26f0d
Computer Science,multi,____-core processors are CPUs with one or more processors,#f26f0d
Computer Science,volatile,RAM is a type of ____ memory,#f26f0d
Computer Science,false,The CPU checks L2 cache before checking L1 cache for the instructions (True/False),#f26f0d
Computer Science,hard drive,Virtual memory is part of the ____ used as RAM,#f26f0d
Computer Science,flash memory,What is the type of memory called that stores data even when there is no power?,#f26f0d
